<?xml version="1.0" encoding="UTF-8" standalone="yes"?>
<addon id="plugin.program.berserker.android.apps.sshdroid"
  name="SSHDroid"
  version="1.1" 
  provider-name="Nusku Networks">
  <requires>
    <import addon="xbmc.python" version="1.0"/>
  </requires>
  <extension point="xbmc.python.script" library="default.py">
    <provides>executable</provides>
  </extension>
  <extension point="xbmc.addon.metadata">
    <platform>android</platform>
    <summary lang="en">SSHDroid
    </summary>
    <description lang="en">This add-on launches the SSHDroid Android application.

Source: https://github.com/nuskunetworks</description>
  </extension>
</addon>
