<?xml version="1.0" encoding="UTF-8" standalone="yes"?>
<addon id="repository.nuskunetworks" name="Nusku Networks addons" version="1.1" provider-name="Nusku Networks">
    <extension point="xbmc.addon.repository" name="Nusku Networks add-on repository">
        <info compressed="false">https://github.com/nuskunetworks/nnxbmcrepo/raw/master/addons.xml</info>
        <checksum>https://github.com/nuskunetworks/nnxbmcrepo/raw/master/addons.xml.md5</checksum>
        <datadir zip="true">https://github.com/nuskunetworks/nnxbmcrepo/raw/master/repo/</datadir>
    </extension>
    <extension point="xbmc.addon.metadata">
        <summary>Install Addons from https://github.com/nuskunetworks/</summary>
        <description>Download and install addons from Nusku Networks repository.</description>
        <platform>all</platform>
    </extension>
</addon>


