<?xml version="1.0" encoding="UTF-8" standalone="yes"?>
<addon id="plugin.program.nnandroidapps" 
  name="Android Apps" 
  version="1.0" 
  provider-name="Nusku Networks">
  <requires>
    <import addon="xbmc.python" version="1.0"/>
  </requires>
  <extension point="xbmc.python.script" library="default.py">
        <provides>executable</provides>
  </extension>
  <extension point="xbmc.addon.metadata">
    <platform>android</platform>
    <summary lang="en">Lists all installed Android apps and allows launching apps
    </summary>
    <description lang="en">Android Apps will list all installed Android applications.  Clicking/touching an app will launch it.

Source: https://github.com/mcrosson/nnandroidapps</description>
  </extension>
</addon>