<?xml version="1.0" encoding="UTF-8" standalone="yes"?>
<addon id="plugin.program.jp.sblo.pandora.jota.plus"
  name="Jota+"
  version="1.1" 
  provider-name="Nusku Networks">
  <requires>
    <import addon="xbmc.python" version="1.0"/>
  </requires>
  <extension point="xbmc.python.script" library="default.py">
    <provides>executable</provides>
  </extension>
  <extension point="xbmc.addon.metadata">
    <platform>android</platform>
    <summary lang="en">Jota+
    </summary>
    <description lang="en">This add-on launches the Jota+ Android application.

Source: https://github.com/nuskunetworks</description>
  </extension>
</addon>
