<?xml version="1.0" encoding="UTF-8" standalone="yes"?>
<addon id="plugin.program.nnandroidsettings" 
  name="Android Settings" 
  version="2.1" 
  provider-name="Nusku Networks">
  <requires>
    <import addon="xbmc.python" version="1.0"/>
  </requires>
  <extension point="xbmc.python.script" library="default.py">
        <provides>executable</provides>
  </extension>
  <extension point="xbmc.addon.metadata">
    <platform>android</platform>
    <summary lang="en">Launch the native Android Settings application
    </summary>
    <description lang="en">Android Settings will launch the native Android Settings application from within XBMC.  This add-on also allows the native app to be added as a shortcut to a skin.

Source: https://github.com/mcrosson/nnandroidsettings</description>
  </extension>
</addon>