<?xml version="1.0" encoding="UTF-8" standalone="yes"?>
<addon id="plugin.program.com.pandora.android"
  name="Pandora"
  version="1.0" 
  provider-name="Nusku Networks">
  <requires>
    <import addon="xbmc.python" version="1.0"/>
  </requires>
  <extension point="xbmc.python.script" library="default.py">
    <provides>audio</provides>
  </extension>
  <extension point="xbmc.addon.metadata">
    <platform>android</platform>
    <summary lang="en">Pandora
    </summary>
    <description lang="en">This add-on launches the Pandora Android application.

Source: https://github.com/nuskunetworks</description>
  </extension>
</addon>
